contractual obligations,total,less than 1 year,1-3 years,3-5 years,more than 5 years,other,footnote reference ( 4 )
debt obligations ( 1 ),$ 20404,$ 2250,$ 2431,$ 5003,$ 10720,$ 2014,10
interest payments on long-term debt ( 2 ),9103,1172,2166,1719,4046,2014,n/a
capital lease obligations,18,2,2,2,12,2014,11
operating lease obligations,935,58,116,117,644,2014,11
electricity obligations,4501,581,948,907,2065,2014,11
fuel obligations,5859,1759,1642,992,1466,2014,11
other purchase obligations,4984,1488,1401,781,1314,2014,11
other long-term liabilities reflected on aes' consolidated balance sheet under gaap ( 3 ),701,2014,284,118,277,22,n/a
total,$ 46505,$ 7310,$ 8990,$ 9639,$ 20544,$ 22,
