new jersey,operatingrevenues ( in millions ) $ 652.3,% (  % ) of total 24.5% ( 24.5 % ),number ofcustomers 648066,% (  % ) of total 20.2% ( 20.2 % ),estimatedpopulationserved ( in millions ) 2.7,% (  % ) of total 22.7% ( 22.7 % )
pennsylvania,605.4,22.6% ( 22.6 % ),666415,20.7% ( 20.7 % ),2.2,18.5% ( 18.5 % )
missouri,270.2,10.1% ( 10.1 % ),464498,14.4% ( 14.4 % ),1.5,12.7% ( 12.7 % )
illinois ( a ),262.3,9.8% ( 9.8 % ),312017,9.7% ( 9.7 % ),1.3,10.9% ( 10.9 % )
california,209.8,7.8% ( 7.8 % ),174198,5.4% ( 5.4 % ),0.6,5.0% ( 5.0 % )
indiana,200.6,7.5% ( 7.5 % ),293666,9.1% ( 9.1 % ),1.2,10.1% ( 10.1 % )
west virginia ( b ),127.0,4.7% ( 4.7 % ),170371,5.3% ( 5.3 % ),0.6,5.0% ( 5.0 % )
subtotal ( top seven states ),2327.6,87.0% ( 87.0 % ),2729231,84.8% ( 84.8 % ),10.1,84.9% ( 84.9 % )
other ( c ),346.7,13.0% ( 13.0 % ),489961,15.2% ( 15.2 % ),1.8,15.1% ( 15.1 % )
total regulated businesses,$ 2674.3,100.0% ( 100.0 % ),3219192,100.0% ( 100.0 % ),11.9,100.0% ( 100.0 % )
