,2002,2001,2000
basic net income available for common shares,$ 161272,$ 229967,$ 212958
joint venture partner convertible ownership net income,2014,3423,2014
minority interest in earnings of common unitholders,18568,32463,32071
diluted net income available for common shares and dilutive potential common shares,$ 179840,$ 265853,$ 245029
weighted average number of common shares outstanding,133981,129660,126836
weighted average partnership units outstanding,15442,18301,19070
joint venture partner convertible ownership common share equivalents,2014,2092,2014
dilutive shares for stock-based compensation plans,1416,1657,1535
weighted average number of common shares and dilutive potential common shares,150839,151710,147441
