( millions ),2017,2016,2015
balance at beginning of year,$ 75.9,$ 74.6,$ 78.7
additions based on tax positions related to the current year,3.2,8.8,5.8
additions for tax positions of prior years,-,2.1,0.9
reductions for tax positions of prior years,-4.9 ( 4.9 ),-1.0 ( 1.0 ),-8.8 ( 8.8 )
reductions for tax positions due to statute of limitations,-14.0 ( 14.0 ),-5.5 ( 5.5 ),-1.6 ( 1.6 )
settlements,-10.8 ( 10.8 ),-2.0 ( 2.0 ),-4.2 ( 4.2 )
assumed in connection with acquisitions,10.0,-,8.0
foreign currency translation,2.1,-1.1 ( 1.1 ),-4.2 ( 4.2 )
balance at end of year,$ 61.5,$ 75.9,$ 74.6
