$ in millions,as of december 2014,as of december 2013
common shareholders 2019 equity,$ 73597,$ 71267
deductions for goodwill and identifiable intangible assets net of deferred tax liabilities,-3196 ( 3196 ),-3468 ( 3468 )
deductions for investments in nonconsolidated financial institutions,-4928 ( 4928 ),-9091 ( 9091 )
other adjustments,-1213 ( 1213 ),-489 ( 489 )
cet1,$ 64260,$ 58219
basel iii advanced rwas,$ 577869,$ 594662
basel iii advanced cet1 ratio,11.1% ( 11.1 % ),9.8% ( 9.8 % )
standardized rwas,$ 627444,$ 635092
standardized cet1 ratio,10.2% ( 10.2 % ),9.2% ( 9.2 % )
