( millions ),2005,2004,2003
change in short-term debt 2014 net,$ -258 ( 258 ),$ 399,$ -215 ( 215 )
repayment of debt ( maturities greater than 90 days ),-656 ( 656 ),-868 ( 868 ),-719 ( 719 )
proceeds from debt ( maturities greater than 90 days ),429,358,494
total change in debt,$ -485 ( 485 ),$ -111 ( 111 ),$ -440 ( 440 )
purchases of treasury stock,-2377 ( 2377 ),-1791 ( 1791 ),-685 ( 685 )
reissuances of treasury stock,545,508,555
dividends paid to stockholders,-1286 ( 1286 ),-1125 ( 1125 ),-1034 ( 1034 )
distributions to minority interests and other 2014 net,-76 ( 76 ),-15 ( 15 ),-23 ( 23 )
net cash used in financing activities,$ -3679 ( 3679 ),$ -2534 ( 2534 ),$ -1627 ( 1627 )
