,commonstock,treasurystock
balance as of december 31 2015,673,-200 ( 200 )
transactions in connection withstock-based compensation plans,2014,1
stock purchases under purchase program,2014,-23 ( 23 )
balance as of december 31 2016,673,-222 ( 222 )
transactions in connection withstock-based compensation plans,2014,1
stock purchases under purchase programs,2014,-19 ( 19 )
balance as of december 31 2017,673,-240 ( 240 )
stock purchases under purchase programs,2014,-16 ( 16 )
balance as of december 31 2018,673,-256 ( 256 )
