,2019,2018,2017
balance at beginning of fiscal year,$ 127.1,$ 148.9,$ 166.8
additions related to purchase accounting ( 1 ),1.0,3.4,7.7
additions for tax positions taken in current year ( 2 ),103.8,3.1,5.0
additions for tax positions taken in prior fiscal years,1.8,18.0,15.2
reductions for tax positions taken in prior fiscal years,( 0.5 ),( 5.3 ),( 25.6 )
reductions due to settlement ( 3 ),( 4.0 ),( 29.4 ),( 14.1 )
( reductions ) additions for currency translation adjustments,-1.7 ( 1.7 ),-9.6 ( 9.6 ),2.0
reductions as a result of a lapse of the applicable statute oflimitations,( 3.2 ),( 2.0 ),( 8.1 )
balance at end of fiscal year,$ 224.3,$ 127.1,$ 148.9
